{"cameraMode":{"drawMode":0,"name":"Shaded","section":"Shading Mode"},"sceneLighting":false,"audioPlay":false,"sceneViewState":{"showFog":true,"showMaterialUpdate":false,"showSkybox":false,"showFlares":true,"showImageEffects":true,"showParticleSystems":true,"showVisualEffectGraphs":true,"m_FxEnabled":false},"in2DMode":false,"pivot":{"x":0.06813451647758484,"y":0.12815266847610475,"z":0.11058273911476135},"rotation":{"x":0.36749309301376345,"y":-0.26626911759376528,"z":0.11066298931837082,"w":0.8842041492462158},"size":0.3073950409889221,"orthographic":false}