{"cameraMode":{"drawMode":0,"name":"Shaded","section":"Shading Mode"},"sceneLighting":false,"audioPlay":false,"sceneViewState":{"showFog":true,"showMaterialUpdate":false,"showSkybox":false,"showFlares":true,"showImageEffects":true,"showParticleSystems":true,"showVisualEffectGraphs":true,"m_FxEnabled":true},"in2DMode":false,"pivot":{"x":44.77297592163086,"y":62.884952545166019,"z":-74.3106689453125},"rotation":{"x":0.005355892237275839,"y":0.9662646651268005,"z":-0.020305782556533815,"w":0.25683635473251345},"size":0.4991501569747925,"orthographic":false}