{"cameraMode":{"drawMode":0,"name":"Shaded","section":"Shading Mode"},"sceneLighting":true,"audioPlay":false,"sceneViewState":{"showFog":true,"showMaterialUpdate":false,"showSkybox":false,"showFlares":true,"showImageEffects":true,"showParticleSystems":true,"showVisualEffectGraphs":true,"m_FxEnabled":true},"in2DMode":false,"pivot":{"x":0.18998336791992188,"y":2.8500003814697267,"z":0.4501934051513672},"rotation":{"x":0.1296808272600174,"y":0.6566358208656311,"z":-0.1160312220454216,"w":0.7338717579841614},"size":30.310888290405275,"orthographic":false}